timestamp_iso	tag	bench_label	ns	snapshotter	mem_total_kb	mem_avail_kb	mem_free_kb	mem_cached_kb	mem_slab_kb	mem_buffers_kb	mem_shmem_kb	mem_anonpages_kb	mem_sreclaimable_kb	mem_kernelstack_kb	mem_pagetables_kb	containerd_main_rss_kb	shim_urunc_rss_sum_kb	qemu_rss_sum_kb	containerd_main_pss_kb	shim_urunc_pss_sum_kb	qemu_pss_sum_kb	cgv2_containerd_current_bytes	cgv2_shim_current_bytes_sum	cgv2_qemu_current_bytes_sum	cgv2_runtime_current_bytes_sum	cgv2_runtime_anon_bytes_sum	cgv2_runtime_file_bytes_sum	cgv2_runtime_slab_bytes_sum	cgv2_runtime_shmem_bytes_sum	system_pss_all_kb	snapshotter_root_bytes	run_containerd_bytes	thin_pool_id	thin_data_pct	thin_meta_pct	thin_data_used_bytes	thin_meta_used_bytes	thin_metrics_source
snapshot_count	running_containers	container_start_sec	batch_elapsed_sec	resource_granularity_note																																		
2026-04-16T19:56:28+00:00	before_sequential_200	seq200_view	default	devmapper	262726528	255408280	183885108	66843768	6122884	2455292	11952	828032	4106040	44944	27036	42520	3132	3128	74208	0	0										118112780288	0	dm:containerd-pool	0.1686	0.1068	2317352960	916979712	dmsetup
15	0			v2																																		
2026-04-16T19:56:37+00:00	after_start_10_of_200	seq200_view	default	devmapper	262726528	253892872	182310576	66858520	6143092	2500844	12584	1854636	4106056	52768	34776	48664	119276	1022368	86923	59083	930304										118112780288	126020688	dm:containerd-pool	0.1698	0.1094	2333081600	940048384	dmsetup
26	10	0.760024		v2																																		
2026-04-16T19:56:46+00:00	after_start_20_of_200	seq200_view	default	devmapper	262726528	252512932	180862444	66873888	6166636	2554112	13224	2950776	4106160	60320	41832	49460	230660	2058700	88787	104806	1851932										118112780288	252047758	dm:containerd-pool	0.1709	0.1186	2348810240	1018691584	dmsetup
36	20	0.732275		v2																																		
2026-04-16T19:56:55+00:00	after_start_30_of_200	seq200_view	default	devmapper	262726528	251239944	179518132	66890684	6190736	2607308	13864	4049064	4108136	67424	48848	48188	348456	3093892	92467	151083	2773400										118112780288	378081228	dm:containerd-pool	0.1720	0.1287	2364538880	1105723392	dmsetup
46	30	0.773928		v2																																		
2026-04-16T19:57:05+00:00	after_start_40_of_200	seq200_view	default	devmapper	262726528	250041500	178248100	66907052	6215724	2660472	14516	5153240	4110484	74432	56364	48188	461472	4126152	97222	194041	3695500										118112780288	504121098	dm:containerd-pool	0.1732	0.1388	2380267520	1192230912	dmsetup
56	40	0.876963		v2																																		
2026-04-16T19:57:16+00:00	after_start_50_of_200	seq200_view	default	devmapper	262726528	248923316	177058996	66923148	6240436	2713940	15144	6250892	4112680	81408	63752	49724	572984	5158628	100730	235284	4614388										118112780288	630167403	dm:containerd-pool	0.1743	0.1490	2395996160	1279787008	dmsetup
66	50	0.885830		v2																																		
2026-04-16T19:57:27+00:00	after_start_60_of_200	seq200_view	default	devmapper	262726528	247780032	175844576	66939460	6264592	2767152	15784	7340880	4114844	87888	71068	46632	682796	6191348	99418	277791	5535988										118112780288	756220123	dm:containerd-pool	0.1755	0.1584	2411724800	1360527360	dmsetup
76	60	0.939801		v2																																		
2026-04-16T19:57:38+00:00	after_start_70_of_200	seq200_view	default	devmapper	262726528	246661260	174654012	66956108	6290400	2820416	16424	8441140	4117488	94496	78076	48168	798940	7228016	109031	320163	6459930										118112780288	882279243	dm:containerd-pool	0.1766	0.1682	2427453440	1444413440	dmsetup
86	70	0.900908		v2																																		
2026-04-16T19:57:50+00:00	after_start_80_of_200	seq200_view	default	devmapper	262726528	245522456	173443276	66972396	6317080	2873636	17064	9546236	4120440	101504	85532	48168	905712	8260808	114409	362249	7380736										118112780288	1008344763	dm:containerd-pool	0.1778	0.1790	2443182080	1537736704	dmsetup
96	80	0.976165		v2																																		
2026-04-16T19:58:02+00:00	after_start_90_of_200	seq200_view	default	devmapper	262726528	244316020	172164452	66988852	6346408	2926852	17704	10645360	4123848	108720	93104	49704	1018680	9297016	120301	403237	8303740										118112780288	1134416683	dm:containerd-pool	0.1789	0.1877	2458910720	1612709888	dmsetup
106	90	0.855418		v2																																		
2026-04-16T19:58:14+00:00	after_start_100_of_200	seq200_view	default	devmapper	262726528	243171928	170947784	67005608	6374732	2980064	18356	11738060	4127016	115840	100104	54312	1133268	10334800	122131	445757	9225580										118112780288	1260495006	dm:containerd-pool	0.1801	0.1980	2474639360	1700790272	dmsetup
116	100	0.984818		v2																																		
2026-04-16T19:58:27+00:00	after_start_110_of_200	seq200_view	default	devmapper	262726528	241926724	169633836	67018300	6411444	3033232	18984	12841392	4130544	122752	107376	54312	1247836	11364844	127591	487998	10149246										118112780288	1386579811	dm:containerd-pool	0.1813	0.2078	2491416576	1784676352	dmsetup
126	110	0.922512		v2																																		
2026-04-16T19:58:40+00:00	after_start_120_of_200	seq200_view	default	devmapper	262726528	240764816	168398228	67035396	6452924	3086508	19624	13942676	4134528	130688	114832	54284	1356108	12401724	131557	529745	11072308										118112780288	1512671116	dm:containerd-pool	0.1824	0.2176	2507145216	1869086720	dmsetup
136	120	0.994189		v2																																		
2026-04-16T19:58:54+00:00	after_start_130_of_200	seq200_view	default	devmapper	262726528	239609100	167168624	67052916	6495268	3139800	20276	15056284	4138260	139904	122328	60428	1467516	13452940	137793	572338	11991090										118112780288	1638768921	dm:containerd-pool	0.1836	0.2280	2522873856	1958739968	dmsetup
146	130	0.948358		v2																																		
2026-04-16T19:59:08+00:00	after_start_140_of_200	seq200_view	default	devmapper	262726528	238425156	165911656	67069468	6539572	3193012	20916	16152284	4142324	148576	129788	58836	1583620	14474004	141750	613895	12914344										118112780288	1764873226	dm:containerd-pool	0.1847	0.2378	2538602496	2042626048	dmsetup
156	140	0.959567		v2																																		
2026-04-16T19:59:22+00:00	after_start_150_of_200	seq200_view	default	devmapper	262726528	237300076	164713352	67086072	6582832	3246176	21544	17257164	4146264	156864	137428	59444	1695024	15513088	142114	655197	13837660										118112780288	1890984031	dm:containerd-pool	0.1859	0.2474	2554331136	2124939264	dmsetup
166	150	0.990432		v2																																		
2026-04-16T19:59:37+00:00	after_start_160_of_200	seq200_view	default	devmapper	262726528	236170884	163509672	67103844	6626984	3299340	22196	18360528	4150260	165952	144268	64052	1808000	16551500	151355	697460	14760968										118112780288	2017101336	dm:containerd-pool	0.1870	0.2572	2570059776	2209349632	dmsetup
176	160	1.027958		v2																																		
2026-04-16T19:59:51+00:00	after_start_170_of_200	seq200_view	default	devmapper	262726528	234970596	162234952	67120792	6674232	3352628	22824	19467936	4155256	175200	151776	62496	1916288	17576316	150326	739426	15684186										118112780288	2143225141	dm:containerd-pool	0.1881	0.2675	2585788416	2297430016	dmsetup
186	170	1.060303		v2																																		
2026-04-16T20:00:07+00:00	after_start_180_of_200	seq200_view	default	devmapper	262726528	233782080	160973028	67137836	6719616	3405800	23476	20570444	4159432	183200	159252	64000	2029284	18620128	154326	781929	16608072										118112780288	2269355446	dm:containerd-pool	0.1893	0.2776	2601517056	2384461824	dmsetup
196	180	1.089368		v2																																		
2026-04-16T20:00:23+00:00	after_start_190_of_200	seq200_view	default	devmapper	262726528	232604896	159721072	67155928	6747264	3459248	24108	21689328	4163216	190080	166788	67072	2142288	19645916	162419	824282	17528856										118112911360	2395492251	dm:containerd-pool	0.1904	0.2870	2617245696	2465202176	dmsetup
206	190	1.075978		v2																																		
2026-04-16T20:00:39+00:00	after_start_200_of_200	seq200_view	default	devmapper	262726528	231345340	158387304	67173120	6791012	3512540	24748	22793596	4167104	199216	174232	71568	2250540	20694056	168243	866778	18452248										118112911360	2521635556	dm:containerd-pool	0.1916	0.2968	2632974336	2549088256	dmsetup
216	200	1.067273		v2																																		
2026-04-16T20:00:49+00:00	after_start_200_of_200_settle_5s	seq200_view	default	devmapper	262726528	231604984	158627704	67181748	6796616	3520536	24760	22887516	4169732	200144	174128	73104	2250528	20686060	173099	864170	18452252										118112911360	2521635556	dm:containerd-pool	0.1916	0.3021	2632974336	2594701312	dmsetup
216	200		250.929188	v2																																		
2026-04-16T20:01:09+00:00	after_start_200_of_200_settle_20s	seq200_view	default	devmapper	262726528	231937132	158959252	67182272	6798492	3520536	24760	22879340	4169812	202512	174188	63296	2250564	20686056	161755	859290	18452180										118112911360	2521635556	dm:containerd-pool	0.1916	0.3021	2632974336	2594701312	dmsetup
216	200		250.929188	v2																																		
2026-04-16T20:01:54+00:00	after_start_200_of_200_settle_60s	seq200_view	default	devmapper	262726528	232037972	159059148	67182940	6803696	3520536	24760	22899772	4170084	207280	174280	63296	2250540	20686060	161771	857618	18452172										118112911360	2521635556	dm:containerd-pool	0.1916	0.3021	2632974336	2594701312	dmsetup
216	200		250.929188	v2																																		
2026-04-16T20:03:21+00:00	after_cleanup_sequential_200	seq200_view	default	devmapper	262726528	254118404	182455852	66948348	6307716	2455660	11964	855460	4140484	49552	28232	33688	3124	3124	87939	0	0										118112911360	0	dm:containerd-pool	0.1686	0.1068	2317352960	916979712	dmsetup
16	0		250.929188	v2																																		
2026-04-16T20:03:27+00:00	after_cleanup_sequential_200_settle_5s	seq200_view	default	devmapper	262726528	254283928	182622596	66947352	6304828	2455660	11960	854360	4140324	49392	28256	33688	3092	3132	87939	0	0										118112911360	0	dm:containerd-pool	0.1686	0.1068	2317352960	916979712	dmsetup
16	0			v2																																		
2026-04-16T20:03:43+00:00	after_cleanup_sequential_200_settle_20s	seq200_view	default	devmapper	262726528	254721312	183059912	66947356	6304520	2455660	11960	853388	4140324	49344	28196	33688	3128	3120	87939	0	0										118112911360	0	dm:containerd-pool	0.1686	0.1068	2317352960	916979712	dmsetup
16	0			v2																																		
2026-04-16T20:04:23+00:00	after_cleanup_sequential_200_settle_60s	seq200_view	default	devmapper	262726528	255073572	183412268	66947456	6304016	2455660	11960	855440	4140276	49360	28604	33688	3132	3132	87939	0	0										118112911360	0	dm:containerd-pool	0.1686	0.1068	2317352960	916979712	dmsetup
16	0			v2																																		
