timestamp_iso	tag	bench_label	ns	snapshotter	mem_total_kb	mem_avail_kb	mem_free_kb	mem_cached_kb	mem_slab_kb	mem_buffers_kb	mem_shmem_kb	mem_anonpages_kb	mem_sreclaimable_kb	mem_kernelstack_kb	mem_pagetables_kb	containerd_main_rss_kb	shim_urunc_rss_sum_kb	qemu_rss_sum_kb	containerd_main_pss_kb	shim_urunc_pss_sum_kb	qemu_pss_sum_kb	cgv2_containerd_current_bytes	cgv2_shim_current_bytes_sum	cgv2_qemu_current_bytes_sum	cgv2_runtime_current_bytes_sum	cgv2_runtime_anon_bytes_sum	cgv2_runtime_file_bytes_sum	cgv2_runtime_slab_bytes_sum	cgv2_runtime_shmem_bytes_sum	system_pss_all_kb	snapshotter_root_bytes	run_containerd_bytes	thin_pool_id	thin_data_pct	thin_meta_pct	thin_data_used_bytes	thin_meta_used_bytes	thin_metrics_source	thin_data_used_blocks	thin_data_total_blocks	thin_meta_used_blocks	thin_meta_total_blocks
snapshot_count	running_containers	container_start_sec	batch_elapsed_sec	resource_granularity_note																																						
2026-04-16T23:29:58+00:00	before_sequential_200	seq200_noview	default	devmapper	262726528	252203400	180072592	67380564	6400820	2457340	12036	3402208	4174800	66320	76464	57400	3112	3112	90315	0	0										118112911360	0	dm:containerd-pool	0.1068	0.1686	114622464	dmsetup	1749	1638400	4420	2621440	
15	0			v2																																						
2026-04-16T23:30:09+00:00	after_start_10_of_200	seq200_noview	default	devmapper	262726528	250386952	178199400	67463844	6412936	2502880	83832	4459108	4174720	74032	85116	65080	53264	1018924	100218	44005	930576										118112911360	125972708	dm:containerd-pool	0.1119	0.1698	120193024	dmsetup	1834	1638400	4450	2621440	
25	10	0.861091		v2																																						
2026-04-16T23:30:19+00:00	after_start_20_of_200	seq200_noview	default	devmapper	262726528	248788424	176531276	67552048	6432864	2556212	155712	5851764	4174668	81376	100944	66604	109632	2053152	103798	81098	1853704										118112911360	251951798	dm:containerd-pool	0.1221	0.1709	131072000	dmsetup	2000	1638400	4480	2621440	
35	20	0.871490		v2																																						
2026-04-16T23:30:29+00:00	after_start_30_of_200	seq200_noview	default	devmapper	262726528	247133808	174811648	67635720	6452656	2609548	227592	7292288	4174592	88336	118432	66604	162836	3087260	107103	117202	2774348										118112911360	377937288	dm:containerd-pool	0.1318	0.1720	141557760	dmsetup	2160	1638400	4510	2621440	
45	30	0.914748		v2																																						
2026-04-16T23:30:40+00:00	after_start_40_of_200	seq200_noview	default	devmapper	262726528	245920580	173528352	67724416	6473732	2662888	299560	8383748	4174652	95376	125656	68140	216040	4122280	112607	151368	3695852										118112911360	503929178	dm:containerd-pool	0.1413	0.1732	151715840	dmsetup	2315	1638400	4540	2621440	
55	40	0.895108		v2																																						
2026-04-16T23:30:52+00:00	after_start_50_of_200	seq200_noview	default	devmapper	262726528	244804472	172341712	67813412	6496228	2716456	371356	9471612	4174676	102416	132944	68140	270816	5157472	114401	186382	4619688										118112911360	629927468	dm:containerd-pool	0.1514	0.1743	162594816	dmsetup	2481	1638400	4570	2621440	
65	50	0.904324		v2																																						
2026-04-16T23:31:05+00:00	after_start_60_of_200	seq200_noview	default	devmapper	262726528	243671248	171142360	67897792	6517300	2769900	443320	10561988	4174656	108832	140200	68140	325568	6191972	118066	221117	5541016										118112911360	755932158	dm:containerd-pool	0.1611	0.1755	173015040	dmsetup	2640	1638400	4600	2621440	
75	60	1.000980		v2																																						
2026-04-16T23:31:17+00:00	after_start_70_of_200	seq200_noview	default	devmapper	262726528	242366692	169766992	67986940	6538920	2823232	515116	11652564	4174712	115872	147272	69676	374148	7223732	121173	256261	6462154										118112911360	881943248	dm:containerd-pool	0.1709	0.1766	183500800	dmsetup	2800	1638400	4630	2621440	
85	70	1.002765		v2																																						
2026-04-16T23:31:30+00:00	after_start_80_of_200	seq200_noview	default	devmapper	262726528	241139924	168474376	68071376	6561636	2876628	587080	12744108	4174684	122832	153896	72716	428932	8258324	124554	291706	7385532										118112911360	1007960738	dm:containerd-pool	0.1807	0.1778	193986560	dmsetup	2960	1638400	4660	2621440	
95	80	1.073884		v2																																						
2026-04-16T23:31:43+00:00	after_start_90_of_200	seq200_noview	default	devmapper	262726528	239967840	167231596	68160704	6584512	2929960	658960	13834844	4174700	130176	161440	75788	482204	9292776	126489	325930	8306476										118112911360	1133984628	dm:containerd-pool	0.1912	0.1789	205324288	dmsetup	3133	1638400	4690	2621440	
105	90	1.036958		v2																																						
2026-04-16T23:31:56+00:00	after_start_100_of_200	seq200_noview	default	devmapper	262726528	238773644	165965980	68250392	6608188	2983292	730756	14930108	4174676	137088	168548	83468	540020	10319784	134034	362062	9225540										118112911360	1260014921	dm:containerd-pool	0.2002	0.1801	214958080	dmsetup	3280	1638400	4720	2621440	
115	100	1.028124		v2																																						
2026-04-16T23:32:10+00:00	after_start_110_of_200	seq200_noview	default	devmapper	262726528	237741724	164868884	68334196	6630548	3036576	802636	16020396	4174736	145184	175276	85004	596268	11356584	138163	397000	10149190										118112911360	1386051696	dm:containerd-pool	0.2103	0.1812	225771520	dmsetup	3445	1638400	4750	2621440	
125	110	1.034140		v2																																						
2026-04-16T23:32:24+00:00	after_start_120_of_200	seq200_noview	default	devmapper	262726528	236407384	163461780	68425068	6655620	3089912	874600	17121092	4175264	153552	182548	94132	651072	12383056	146499	432616	11065916										118112911360	1512094971	dm:containerd-pool	0.2205	0.1824	236716032	dmsetup	3612	1638400	4782	2621440	
135	120	1.184202		v2																																						
2026-04-16T23:32:39+00:00	after_start_130_of_200	seq200_noview	default	devmapper	262726528	235127280	162114092	68510420	6679104	3143528	946396	18218996	4175880	161600	189872	94076	705852	13417648	147586	467299	11988918										118112911360	1638144746	dm:containerd-pool	0.2298	0.1836	246743040	dmsetup	3765	1638400	4812	2621440	
145	130	0.990452		v2																																						
2026-04-16T23:32:54+00:00	after_start_140_of_200	seq200_noview	default	devmapper	262726528	233893920	160807992	68600828	6705160	3196992	1018360	19353628	4176636	169200	197312	95568	760556	14455224	159549	503631	12909692										118112911360	1764201021	dm:containerd-pool	0.2400	0.1847	257687552	dmsetup	3932	1638400	4842	2621440	
155	140	1.109609		v2																																						
2026-04-16T23:33:10+00:00	after_start_150_of_200	seq200_noview	default	devmapper	262726528	232729484	159575128	68686596	6730268	3250512	1090156	20413088	4177576	177024	204504	93932	816868	15488644	157834	538366	13828612										118112911360	1890263796	dm:containerd-pool	0.2496	0.1859	267976704	dmsetup	4089	1638400	4872	2621440	
165	150	1.076110		v2																																						
2026-04-16T23:33:25+00:00	after_start_160_of_200	seq200_noview	default	devmapper	262726528	231429292	158200436	68777072	6756276	3303840	1162120	21503696	4180160	183488	211716	94080	870128	16518220	159239	573968	14745736										118112911360	2016333071	dm:containerd-pool	0.2597	0.1870	278855680	dmsetup	4255	1638400	4902	2621440	
175	160	1.081066		v2																																						
2026-04-16T23:33:41+00:00	after_start_170_of_200	seq200_noview	default	devmapper	262726528	230268108	156964180	68867700	6784344	3357176	1234000	22597816	4182952	191280	218624	92964	931076	17553692	160558	610098	15667186										118112911360	2142408846	dm:containerd-pool	0.2692	0.1881	289013760	dmsetup	4410	1638400	4932	2621440	
185	170	1.090536		v2																																						
2026-04-16T23:33:57+00:00	after_start_180_of_200	seq200_noview	default	devmapper	262726528	229017444	155643348	68953964	6811096	3410664	1305796	23694852	4185736	197728	225684	94496	981216	18599180	165431	645576	16588308										118112911360	2268491121	dm:containerd-pool	0.2794	0.1893	299958272	dmsetup	4577	1638400	4962	2621440	
195	180	1.144310		v2																																						
2026-04-16T23:34:13+00:00	after_start_190_of_200	seq200_noview	default	devmapper	262726528	228661268	155210068	69045912	6843752	3463996	1377760	24083236	4188936	207136	211392	95976	1035904	19628272	170419	680642	17509772										118112911360	2394579896	dm:containerd-pool	0.2891	0.1904	310444032	dmsetup	4737	1638400	4992	2621440	
205	190	1.074092		v2																																						
2026-04-16T23:34:30+00:00	after_start_200_of_200	seq200_noview	default	devmapper	262726528	227390256	153868360	69131920	6873896	3517380	1449640	25183736	4192308	216048	218824	91264	1089124	20660692	171014	716431	18432720										118112911360	2520675171	dm:containerd-pool	0.2991	0.1916	321126400	dmsetup	4900	1638400	5022	2621440	
215	200	1.093067		v2																																						
2026-04-16T23:34:41+00:00	after_start_200_of_200_settle_5s	seq200_noview	default	devmapper	262726528	227556556	154017688	69139332	6877328	3525168	1449640	25275916	4193924	217168	218660	92744	1090652	20655788	172795	716199	18432712										118112911360	2520675171	dm:containerd-pool	0.3021	0.1916	324337664	dmsetup	4949	1638400	5022	2621440	
215	200		271.733245	v2																																						
2026-04-16T23:35:01+00:00	after_start_200_of_200_settle_20s	seq200_noview	default	devmapper	262726528	227872448	154335092	69137560	6879620	3525168	1449640	25270464	4194056	218896	218768	86452	1093692	20655820	160235	713431	18432656										118112911360	2520675171	dm:containerd-pool	0.3021	0.1916	324337664	dmsetup	4949	1638400	5022	2621440	
215	200		271.733245	v2																																						
2026-04-16T23:35:46+00:00	after_start_200_of_200_settle_60s	seq200_noview	default	devmapper	262726528	228031272	154490464	69141060	6883184	3525168	1449640	25282704	4194168	223584	218760	86452	1096780	20655816	161491	713236	18432656										118112911360	2520675171	dm:containerd-pool	0.3021	0.1916	324337664	dmsetup	4949	1638400	5022	2621440	
215	200		271.733245	v2																																						
2026-04-16T23:37:13+00:00	after_cleanup_sequential_200	seq200_noview	default	devmapper	262726528	251029144	178783268	67487968	6430748	2458828	12044	3477924	4180920	70704	79988	56584	3112	3132	92445	0	0										118112911360	0	dm:containerd-pool	0.1068	0.1686	114622464	dmsetup	1749	1638400	4420	2621440	
15	0		271.733245	v2																																						
2026-04-16T23:37:19+00:00	after_cleanup_sequential_200_settle_5s	seq200_noview	default	devmapper	262726528	251376648	179136240	67482936	6420636	2458824	12040	3460276	4180744	70576	79720	56584	3128	3132	92446	0	0										118112911360	0	dm:containerd-pool	0.1068	0.1686	114622464	dmsetup	1749	1638400	4420	2621440	
15	0			v2																																						
2026-04-16T23:37:34+00:00	after_cleanup_sequential_200_settle_20s	seq200_noview	default	devmapper	262726528	251752932	179509568	67485728	6419816	2458824	12040	3459708	4180656	70448	79452	56584	3128	3100	92446	0	0										118112911360	0	dm:containerd-pool	0.1068	0.1686	114622464	dmsetup	1749	1638400	4420	2621440	
15	0			v2																																						
2026-04-16T23:38:15+00:00	after_cleanup_sequential_200_settle_60s	seq200_noview	default	devmapper	262726528	252158812	179918664	67482636	6418612	2458824	12040	3383560	4180552	70208	76936	56584	3120	3112	92447	0	0										118112911360	0	dm:containerd-pool	0.1068	0.1686	114622464	dmsetup	1749	1638400	4420	2621440	
15	0			v2																																						
